exp,map,dataset,n_agents,share_fraction,n_access,steps,seed,tasks_completed,fails,collisions,coll_obstacle,coll_robot,rrt_calls,wall_s
S4_throughput_map1,map1,original,5,1.0,5,300,0,35,3,61,0,61,2,12.74
S4_throughput_map1,map1,original,5,0.0,0,300,0,35,4,64,0,64,2,12.77
S4_throughput_map1,map1,original,5,0.6,3,300,0,38,3,36,0,36,3,13.1
S4_throughput_map1,map1,original,5,0.0,0,600,0,69,11,127,0,127,6,26.04
S4_throughput_map1,map1,original,5,0.6,3,600,0,74,6,77,0,77,7,30.77
S4_throughput_map1,map1,original,5,1.0,5,600,0,72,9,168,0,168,4,37.58
S4_throughput_map1,map1,original,5,1.0,5,1000,0,121,20,232,0,232,16,47.05
S4_throughput_map1,map1,original,5,0.6,3,300,1,36,5,65,0,65,2,16.26
S4_throughput_map1,map1,original,5,0.0,0,1000,0,119,21,226,0,226,8,48.62
S4_throughput_map1,map1,original,5,0.6,3,1000,0,117,13,129,0,129,14,49.07
S4_throughput_map1,map1,original,5,0.0,0,300,1,39,4,63,0,63,2,18.32
S4_throughput_map1,map1,original,5,1.0,5,300,1,38,9,48,0,48,4,26.88
S4_throughput_map1,map1,original,5,0.6,3,1500,0,179,22,257,0,257,23,79.02
S4_throughput_map1,map1,original,5,0.0,0,600,1,81,10,105,0,105,7,30.28
S4_throughput_map1,map1,original,5,0.0,0,1500,0,180,33,375,0,375,13,84.24
S4_throughput_map1,map1,original,5,0.6,3,600,1,71,13,158,0,158,5,36.6
S4_throughput_map1,map1,original,5,0.0,0,2000,0,241,39,442,0,442,15,94.32
S4_throughput_map1,map1,original,5,0.6,3,2000,0,243,31,338,0,338,29,95.84
S4_throughput_map1,map1,original,5,1.0,5,1500,0,187,27,299,0,299,27,104.74
S4_throughput_map1,map1,original,5,1.0,5,600,1,77,17,74,0,74,10,46.72
S4_throughput_map1,map1,original,5,0.6,3,1000,1,122,22,244,0,244,12,50.73
S4_throughput_map1,map1,original,5,0.0,0,1000,1,130,18,235,0,235,12,54.68
S4_throughput_map1,map1,original,5,0.6,3,300,2,35,9,55,0,55,2,13.22
S4_throughput_map1,map1,original,5,1.0,5,1000,1,127,22,104,0,104,13,64.4
S4_throughput_map1,map1,original,5,0.0,0,300,2,39,1,59,0,59,0,16.39
S4_throughput_map1,map1,original,5,1.0,5,300,2,39,5,38,0,38,1,13.11
S4_throughput_map1,map1,original,5,0.0,0,600,2,82,8,77,0,77,1,27.23
S4_throughput_map1,map1,original,5,1.0,5,600,2,74,11,72,0,72,4,23.97
S4_throughput_map1,map1,original,5,0.0,0,1500,1,202,23,351,0,351,16,86.58
S4_throughput_map1,map1,original,5,0.6,3,1500,1,191,30,289,0,289,17,83.79
S4_throughput_map1,map1,original,5,0.6,3,600,2,75,17,132,0,132,8,33.42
S4_throughput_map1,map1,original,5,1.0,5,2000,0,249,45,425,0,425,41,137.69
S4_throughput_map1,map1,original,5,1.0,5,1500,1,192,31,213,0,213,25,94.64
S4_throughput_map1,map1,original,5,0.0,0,1000,2,128,16,172,0,172,5,53.65
S4_throughput_map1,map1,original,5,1.0,5,1000,2,122,17,146,0,146,18,54.29
S4_throughput_map1,map1,original,5,0.0,0,300,3,39,6,63,0,63,1,23.76
S4_throughput_map1,map1,original,5,0.0,0,2000,1,270,35,470,0,470,24,119.64
S4_throughput_map1,map1,original,5,0.6,3,1000,2,123,25,219,0,219,18,76.67
S4_throughput_map1,map1,original,5,0.6,3,300,3,39,4,42,0,42,2,13.05
S4_throughput_map1,map1,original,5,0.6,3,2000,1,254,36,353,0,353,28,132.09
S4_throughput_map1,map1,original,5,1.0,5,300,3,41,4,46,0,46,2,16.51
S4_throughput_map1,map1,original,5,0.0,0,1500,2,189,21,229,0,229,12,85.31
S4_throughput_map1,map1,original,5,0.0,0,600,3,77,13,157,0,157,1,29.56
S4_throughput_map1,map1,original,5,1.0,5,2000,1,259,50,299,0,299,31,140.92
S4_throughput_map1,map1,original,5,0.6,3,600,3,79,7,94,0,94,7,32.69
S4_throughput_map1,map1,original,5,1.0,5,600,3,83,10,75,0,75,9,33.38
S4_throughput_map1,map1,original,5,0.6,3,1500,2,180,34,275,0,275,29,99.49
S4_throughput_map1,map1,original,5,0.0,0,2000,2,251,27,306,0,306,15,103.11
S4_throughput_map1,map1,original,5,1.0,5,1500,2,192,31,222,0,222,32,107.62
S4_throughput_map1,map1,original,5,0.6,3,1000,3,133,14,135,0,135,13,52.53
S4_throughput_map1,map1,original,5,0.0,0,300,4,35,2,66,0,66,3,9.62
S4_throughput_map1,map1,original,5,0.0,0,1000,3,133,25,249,0,249,5,61.93
S4_throughput_map1,map1,original,5,1.0,5,2000,2,250,35,264,0,264,47,123.9
S4_throughput_map1,map1,original,5,0.6,3,300,4,35,4,54,0,54,5,15.1
S4_throughput_map1,map1,original,5,1.0,5,1000,3,138,21,146,0,146,16,60.88
S4_throughput_map1,map1,original,5,1.0,5,300,4,35,4,56,0,56,5,15.21
S4_throughput_map1,map1,original,5,0.6,3,1500,3,193,17,179,0,179,21,71.21
S4_throughput_map1,map1,original,5,0.0,0,600,4,73,14,123,0,123,4,26.68
S4_throughput_map1,map1,original,5,0.6,3,2000,2,231,44,426,0,426,45,154.1
S4_throughput_map1,map1,original,5,0.6,3,600,4,77,11,93,0,93,6,28.13
S4_throughput_map1,map1,original,5,0.0,0,1500,3,199,37,352,0,352,7,89.07
S4_throughput_map1,map1,original,5,1.0,5,1500,3,199,29,231,0,231,24,82.07
S4_throughput_map1,map1,original,5,1.0,5,600,4,70,9,112,0,112,8,29.63
S4_throughput_map1,map1,original,5,0.0,0,1000,4,128,23,197,0,197,5,47.07
S4_throughput_map1,map1,original,5,0.0,0,300,5,39,2,34,0,34,0,15.72
S4_throughput_map1,map1,original,5,0.6,3,1000,4,122,16,153,0,153,14,51.48
S4_throughput_map1,map1,original,5,0.6,3,2000,3,267,22,242,0,242,30,99.26
S4_throughput_map1,map1,original,5,0.0,0,2000,3,267,47,443,0,443,13,113.28
S4_throughput_map1,map1,original,5,1.0,5,1000,4,121,13,156,0,156,14,52.81
S4_throughput_map1,map1,original,5,1.0,5,2000,3,261,44,295,0,295,29,108.03
S4_throughput_map1,map1,original,5,0.6,3,300,5,38,1,32,0,32,3,30.98
S4_throughput_map1,map1,original,5,1.0,5,300,5,36,5,26,0,26,2,18.12
S4_throughput_map1,map1,original,5,0.0,0,1500,4,193,28,269,0,269,8,73.05
S4_throughput_map1,map1,original,5,0.6,3,1500,4,182,22,202,0,202,24,76.73
S4_throughput_map1,map1,original,5,0.0,0,600,5,73,7,97,0,97,3,28.91
S4_throughput_map1,map1,original,5,1.0,5,1500,4,187,20,211,0,211,24,69.07
S4_throughput_map1,map1,original,5,1.0,5,600,5,76,11,128,0,128,8,27.04
S4_throughput_map1,map1,original,5,0.0,0,2000,4,258,35,331,0,331,14,88.18
S4_throughput_map1,map1,original,5,0.6,3,600,5,71,7,91,0,91,7,46.0
S4_throughput_map1,map1,original,5,0.6,3,2000,4,247,34,276,0,276,31,95.86
S4_throughput_map1,map1,original,5,0.0,0,1000,5,128,11,194,0,194,7,53.67
S4_throughput_map1,map1,original,5,0.0,0,300,6,33,6,41,0,41,1,15.78
S4_throughput_map1,map1,original,5,0.6,3,1000,5,123,16,227,0,227,12,59.97
S4_throughput_map1,map1,original,5,0.6,3,300,6,33,6,78,0,78,1,16.45
S4_throughput_map1,map1,original,5,1.0,5,300,6,34,6,63,0,63,3,16.51
S4_throughput_map1,map1,original,5,1.0,5,1000,5,126,25,163,0,163,17,72.86
S4_throughput_map1,map1,original,5,0.0,0,1500,5,180,16,314,0,314,10,72.92
S4_throughput_map1,map1,original,5,1.0,5,2000,4,249,33,286,0,286,35,135.26
S4_throughput_map1,map1,original,5,0.0,0,600,6,71,8,74,0,74,3,32.82
S4_throughput_map1,map1,original,5,1.0,5,600,6,78,13,91,0,91,5,31.14
S4_throughput_map1,map1,original,5,0.6,3,600,6,66,10,137,0,137,5,41.12
S4_throughput_map1,map1,original,5,0.6,3,1500,5,179,23,334,0,334,19,88.19
S4_throughput_map1,map1,original,5,0.0,0,1000,6,125,13,150,0,150,4,45.43
S4_throughput_map1,map1,original,5,0.0,0,300,7,36,4,29,0,29,7,18.71
S4_throughput_map1,map1,original,5,1.0,5,1000,6,126,23,162,0,162,12,55.54
S4_throughput_map1,map1,original,5,1.0,5,1500,5,189,35,223,0,223,30,129.78
S4_throughput_map1,map1,original,5,0.6,3,300,7,32,2,20,0,20,3,10.24
S4_throughput_map1,map1,original,5,0.0,0,2000,5,246,23,406,0,406,18,118.84
S4_throughput_map1,map1,original,5,0.6,3,1000,6,114,15,220,0,220,7,64.59
S4_throughput_map1,map1,original,5,1.0,5,300,7,33,4,30,0,30,4,12.11
S4_throughput_map1,map1,original,5,0.6,3,1500,6,178,19,275,0,275,14,78.72
S4_throughput_map1,map1,original,5,0.0,0,1500,6,184,22,234,0,234,8,83.88
S4_throughput_map1,map1,original,5,1.0,5,600,7,71,8,91,0,91,12,26.89
S4_throughput_map1,map1,original,5,0.6,3,2000,5,245,33,410,0,410,27,153.8
S4_throughput_map1,map1,original,5,0.0,0,600,7,74,11,78,0,78,9,30.55
S4_throughput_map1,map1,original,5,0.6,3,600,7,70,10,60,0,60,5,27.58
S4_throughput_map1,map1,original,5,1.0,5,2000,5,256,48,336,0,336,45,159.44
S4_throughput_map1,map1,original,5,1.0,5,1500,6,186,31,211,0,211,22,95.66
S4_throughput_map1,map1,original,5,0.0,0,2000,6,244,34,328,0,328,13,109.11
S4_throughput_map1,map1,original,5,0.6,3,1000,7,127,17,114,0,114,7,46.47
S4_throughput_map1,map1,original,5,0.6,3,300,8,34,4,60,0,60,1,12.59
S4_throughput_map1,map1,original,5,0.0,0,300,8,34,3,61,0,61,3,10.06
S4_throughput_map1,map1,original,5,0.6,3,2000,6,237,29,408,0,408,26,104.54
S4_throughput_map1,map1,original,5,1.0,5,2000,6,244,38,266,0,266,34,108.1
S4_throughput_map1,map1,original,5,1.0,5,1000,7,125,13,121,0,121,21,42.15
S4_throughput_map1,map1,original,5,0.0,0,1000,7,126,16,147,0,147,15,61.03
S4_throughput_map1,map1,original,5,1.0,5,300,8,41,5,44,0,44,4,10.05
S4_throughput_map1,map1,original,5,1.0,5,600,8,73,13,121,0,121,10,18.72
S4_throughput_map1,map1,original,5,0.6,3,1500,7,185,24,199,0,199,18,54.17
S4_throughput_map1,map1,original,5,0.0,0,1500,7,198,22,257,0,257,18,66.08
S4_throughput_map1,map1,original,5,0.0,0,600,8,71,6,95,0,95,5,24.92
S4_throughput_map1,map1,original,5,0.6,3,600,8,74,8,74,0,74,4,24.72
S4_throughput_map1,map1,original,5,0.6,3,2000,7,250,43,283,0,283,26,62.75
S4_throughput_map1,map1,original,5,0.0,0,1000,8,121,12,126,0,126,8,36.73
S4_throughput_map1,map1,original,5,1.0,5,1500,7,187,22,199,0,199,31,73.09
S4_throughput_map1,map1,original,5,1.0,5,1000,8,122,20,211,0,211,22,39.52
S4_throughput_map1,map1,original,5,0.0,0,2000,7,268,31,322,0,322,21,76.92
S4_throughput_map1,map1,original,5,0.6,3,1000,8,128,20,127,0,127,9,41.91
S4_throughput_map1,map1,original,5,0.0,0,300,9,34,6,23,0,23,5,18.56
S4_throughput_map1,map1,original,5,0.6,3,300,9,34,6,48,0,48,3,12.14
S4_throughput_map1,map1,original,5,1.0,5,300,9,34,3,54,0,54,5,9.94
S4_throughput_map1,map1,original,5,1.0,5,2000,7,248,33,280,0,280,43,76.62
S4_throughput_map1,map1,original,5,0.0,0,1500,8,183,20,189,0,189,12,49.35
S4_throughput_map1,map1,original,5,0.6,3,600,9,73,8,73,0,73,8,15.57
S4_throughput_map1,map1,original,5,0.6,3,1500,8,184,35,264,0,264,17,57.16
S4_throughput_map1,map1,original,5,1.0,5,1500,8,180,30,280,0,280,33,49.69
S4_throughput_map1,map1,original,5,0.0,0,600,9,77,10,99,0,99,6,23.8
S4_throughput_map1,map1,original,5,1.0,5,600,9,80,7,96,0,96,8,20.74
S4_throughput_map1,map1,original,5,0.6,3,1000,9,118,16,128,0,128,11,24.53
S4_throughput_map1,map1,original,5,0.0,0,300,10,33,7,43,0,43,4,7.67
S4_throughput_map1,map1,original,5,0.0,0,2000,8,249,27,263,0,263,17,65.41
S4_throughput_map1,map1,original,5,0.6,3,300,10,34,5,88,0,88,2,11.2
S4_throughput_map1,map1,original,5,1.0,5,1000,9,126,12,176,0,176,18,34.99
S4_throughput_map1,map1,original,5,0.0,0,1000,9,128,13,158,0,158,11,40.28
S4_throughput_map1,map1,original,5,0.6,3,2000,8,250,44,370,0,370,26,73.36
S4_throughput_map1,map1,original,5,0.6,3,1500,9,175,24,224,0,224,16,39.73
S4_throughput_map1,map1,original,5,1.0,5,300,10,30,6,72,0,72,6,10.33
S4_throughput_map1,map1,original,5,1.0,5,2000,8,243,40,368,0,368,48,74.9
S4_throughput_map1,map1,original,5,0.0,0,1500,9,186,27,274,0,274,13,49.32
S4_throughput_map1,map1,original,5,0.0,0,600,10,60,14,121,0,121,10,16.83
S4_throughput_map1,map1,original,5,1.0,5,1500,9,181,19,244,0,244,33,54.17
S4_throughput_map1,map1,original,5,0.6,3,600,10,72,9,142,0,142,7,16.99
S4_throughput_map1,map1,original,5,1.0,5,600,10,67,15,135,0,135,11,21.89
S4_throughput_map1,map1,original,5,0.0,0,1000,10,120,18,166,0,166,13,26.51
S4_throughput_map1,map1,original,5,0.6,3,1000,10,123,13,226,0,226,12,30.61
S4_throughput_map1,map1,original,5,0.6,3,2000,9,238,34,272,0,272,23,57.84
S4_throughput_map1,map1,original,5,0.0,0,300,11,40,3,23,0,23,3,8.98
S4_throughput_map1,map1,original,5,0.6,3,300,11,36,4,24,0,24,4,7.01
S4_throughput_map1,map1,original,5,1.0,5,2000,9,245,30,322,0,322,44,64.18
S4_throughput_map1,map1,original,5,1.0,5,1000,10,116,26,227,0,227,22,34.44
S4_throughput_map1,map1,original,5,1.0,5,300,11,38,4,23,0,23,1,6.67
S4_throughput_map1,map1,original,5,0.0,0,2000,9,258,39,353,0,353,18,75.23
S4_throughput_map1,map1,original,5,0.0,0,1500,10,182,28,273,0,273,20,50.49
S4_throughput_map1,map1,original,5,0.6,3,1500,10,187,22,275,0,275,19,50.44
S4_throughput_map1,map1,original,5,0.0,0,600,11,83,13,79,0,79,3,16.67
S4_throughput_map1,map1,original,5,0.6,3,600,11,74,7,64,0,64,7,14.63
S4_throughput_map1,map1,original,5,1.0,5,1500,10,179,36,332,0,332,33,50.8
S4_throughput_map1,map1,original,5,1.0,5,600,11,71,8,86,0,86,4,17.54
S4_throughput_map1,map1,original,5,0.0,0,2000,10,236,39,427,0,427,29,62.84
S4_throughput_map1,map1,original,5,0.0,0,300,12,35,4,66,0,66,3,10.38
S4_throughput_map1,map1,original,5,0.0,0,1000,11,128,19,138,0,138,7,30.96
S4_throughput_map1,map1,original,5,0.6,3,2000,10,251,36,379,0,379,25,59.98
S4_throughput_map1,map1,original,5,0.6,3,300,12,37,7,89,0,89,2,9.68
S4_throughput_map1,map1,original,5,0.6,3,1000,11,125,15,190,0,190,12,34.74
S4_throughput_map1,map1,original,5,1.0,5,1000,11,119,16,132,0,132,13,36.75
S4_throughput_map1,map1,original,5,1.0,5,300,12,36,2,44,0,44,3,8.79
S4_throughput_map1,map1,original,5,1.0,5,2000,10,239,42,422,0,422,44,68.49
S4_throughput_map1,map1,original,5,0.6,3,1500,11,188,25,294,0,294,17,45.15
S4_throughput_map1,map1,original,5,0.0,0,600,12,75,10,103,0,103,4,16.71
S4_throughput_map1,map1,original,5,0.0,0,1500,11,188,28,255,0,255,12,52.01
S4_throughput_map1,map1,original,5,0.6,3,600,12,76,10,117,0,117,3,19.04
S4_throughput_map1,map1,original,5,1.0,5,600,12,78,3,64,0,64,7,18.17
S4_throughput_map1,map1,original,5,1.0,5,1500,11,174,27,191,0,191,20,55.25
S4_throughput_map1,map1,original,5,0.6,3,1000,12,126,24,212,0,212,9,30.25
S4_throughput_map1,map1,original,5,0.0,0,300,13,39,4,38,0,38,3,8.7
S4_throughput_map1,map1,original,5,0.0,0,1000,12,128,16,206,0,206,8,32.89
S4_throughput_map1,map1,original,5,0.0,0,2000,11,252,35,336,0,336,17,62.46
S4_throughput_map1,map1,original,5,0.6,3,2000,11,244,34,369,0,369,23,63.11
S4_throughput_map1,map1,original,5,1.0,5,1000,12,128,10,129,0,129,14,35.61
S4_throughput_map1,map1,original,5,0.6,3,300,13,38,3,35,0,35,4,7.78
S4_throughput_map1,map1,original,5,1.0,5,300,13,39,3,33,0,33,4,11.88
S4_throughput_map1,map1,original,5,1.0,5,2000,11,242,39,257,0,257,27,81.01
S4_throughput_map1,map1,original,5,0.0,0,600,13,81,10,87,0,87,5,16.81
S4_throughput_map1,map1,original,5,0.0,0,1500,12,199,29,295,0,295,10,49.71
S4_throughput_map1,map1,original,5,1.0,5,600,13,75,10,60,0,60,8,18.86
S4_throughput_map1,map1,original,5,0.6,3,600,13,80,13,79,0,79,6,18.57
S4_throughput_map1,map1,original,5,0.6,3,1500,12,173,37,323,0,323,17,55.7
S4_throughput_map1,map1,original,5,1.0,5,1500,12,180,21,209,0,209,22,53.86
S4_throughput_map1,map1,original,5,0.0,0,1000,13,136,15,152,0,152,9,32.0
S4_throughput_map1,map1,original,5,0.0,0,2000,12,270,34,369,0,369,13,60.8
S4_throughput_map1,map1,original,5,0.6,3,1000,13,138,17,152,0,152,9,29.92
S4_throughput_map1,map1,original,5,1.0,5,1000,13,122,19,136,0,136,17,31.69
S4_throughput_map1,map1,original,5,0.0,0,300,14,33,2,39,0,39,3,10.59
S4_throughput_map1,map1,original,5,0.6,3,300,14,32,2,70,0,70,7,8.51
S4_throughput_map1,map1,original,5,1.0,5,2000,12,245,29,272,0,272,33,67.58
S4_throughput_map1,map1,original,5,1.0,5,300,14,32,6,100,0,100,3,8.76
S4_throughput_map1,map1,original,5,0.6,3,2000,12,228,50,438,0,438,26,78.0
S4_throughput_map1,map1,original,5,0.0,0,600,14,66,6,93,0,93,5,17.1
S4_throughput_map1,map1,original,5,0.0,0,1500,13,205,25,275,0,275,10,42.95
S4_throughput_map1,map1,original,5,0.6,3,600,14,67,7,122,0,122,9,16.76
S4_throughput_map1,map1,original,5,1.0,5,600,14,64,12,180,0,180,9,23.29
S4_throughput_map1,map1,original,5,0.6,3,1500,13,209,26,221,0,221,15,52.99
S4_throughput_map1,map1,original,5,1.0,5,1500,13,189,37,225,0,225,27,52.46
S4_throughput_map1,map1,original,5,0.6,3,1000,14,127,11,157,0,157,14,29.72
S4_throughput_map1,map1,original,5,0.6,3,2000,13,271,41,286,0,286,19,61.49
S4_throughput_map1,map1,original,5,0.0,0,1000,14,120,10,129,0,129,8,35.7
S4_throughput_map1,map1,original,5,0.0,0,2000,13,268,39,383,0,383,16,64.71
S4_throughput_map1,map1,original,5,1.0,5,1000,14,105,18,225,0,225,17,36.38
S4_throughput_map1,map1,original,5,0.0,0,300,15,42,7,47,0,47,3,10.16
S4_throughput_map1,map1,original,5,0.6,3,300,15,40,7,53,0,53,4,10.13
S4_throughput_map1,map1,original,5,1.0,5,2000,13,241,48,319,0,319,42,70.36
S4_throughput_map1,map1,original,5,1.0,5,300,15,38,10,66,0,66,4,9.28
S4_throughput_map1,map1,original,5,0.0,0,1500,14,176,18,192,0,192,15,44.02
S4_throughput_map1,map1,original,5,0.6,3,1500,14,199,15,245,0,245,23,46.39
S4_throughput_map1,map1,original,5,0.6,3,600,15,77,9,73,0,73,6,16.54
S4_throughput_map1,map1,original,5,0.0,0,600,15,82,12,101,0,101,4,17.61
S4_throughput_map1,map1,original,5,1.0,5,600,15,79,17,159,0,159,9,23.71
S4_throughput_map1,map1,original,5,1.0,5,1500,14,160,26,259,0,259,34,55.67
S4_throughput_map1,map1,original,5,0.0,0,1000,15,138,18,135,0,135,7,28.42
S4_throughput_map1,map1,original,5,0.0,0,2000,14,243,25,254,0,254,18,57.95
S4_throughput_map1,map1,original,5,0.6,3,2000,14,259,22,345,0,345,35,61.26
S4_throughput_map1,map1,original,5,1.0,5,1000,15,132,23,194,0,194,16,33.47
S4_throughput_map1,map1,original,5,1.0,5,300,16,35,6,44,0,44,5,8.52
S4_throughput_map1,map1,original,5,0.0,0,300,16,35,4,12,0,12,3,9.13
S4_throughput_map1,map1,original,5,0.6,3,300,16,35,6,44,0,44,4,11.02
S4_throughput_map1,map1,original,5,0.6,3,1000,15,130,14,147,0,147,14,52.53
S4_throughput_map1,map1,original,5,1.0,5,2000,14,226,34,334,0,334,43,72.24
S4_throughput_map1,map1,original,5,0.0,0,1500,15,205,22,198,0,198,8,49.49
S4_throughput_map1,map1,original,5,0.0,0,600,16,74,7,61,0,61,5,16.26
S4_throughput_map1,map1,original,5,0.6,3,600,16,72,10,67,0,67,6,16.78
S4_throughput_map1,map1,original,5,1.0,5,600,16,73,11,110,0,110,6,17.14
S4_throughput_map1,map1,original,5,1.0,5,1500,15,194,39,298,0,298,28,54.2
S4_throughput_map1,map1,original,5,0.0,0,1000,16,123,15,117,0,117,11,25.14
S4_throughput_map1,map1,original,5,0.0,0,2000,15,268,32,286,0,286,10,61.19
S4_throughput_map1,map1,original,5,0.6,3,1500,15,194,21,290,0,290,28,72.64
S4_throughput_map1,map1,original,5,0.0,0,300,17,31,7,105,0,105,7,9.03
S4_throughput_map1,map1,original,5,0.6,3,1000,16,123,20,158,0,158,11,27.73
S4_throughput_map1,map1,original,5,1.0,5,2000,15,255,52,395,0,395,37,68.69
S4_throughput_map1,map1,original,5,1.0,5,1000,16,127,19,139,0,139,15,34.55
S4_throughput_map1,map1,original,5,0.6,3,300,17,34,3,59,0,59,2,8.2
S4_throughput_map1,map1,original,5,1.0,5,300,17,37,6,87,0,87,1,11.35
S4_throughput_map1,map1,original,5,0.6,3,2000,15,262,33,341,0,341,38,82.26
S4_throughput_map1,map1,original,5,0.0,0,1500,16,183,24,214,0,214,15,41.28
S4_throughput_map1,map1,original,5,0.6,3,1500,16,190,31,231,0,231,15,42.63
S4_throughput_map1,map1,original,5,1.0,5,600,17,73,10,145,0,145,7,18.94
S4_throughput_map1,map1,original,5,0.6,3,600,17,72,11,122,0,122,3,18.93
S4_throughput_map1,map1,original,5,1.0,5,1500,16,190,29,203,0,203,23,50.48
S4_throughput_map1,map1,original,5,0.0,0,600,17,67,13,176,0,176,12,26.43
S4_throughput_map1,map1,original,5,0.0,0,2000,16,253,37,281,0,281,19,56.63
S4_throughput_map1,map1,original,5,0.6,3,1000,17,123,21,173,0,173,6,26.75
S4_throughput_map1,map1,original,5,0.6,3,2000,16,252,44,298,0,298,23,62.12
S4_throughput_map1,map1,original,5,0.0,0,300,18,41,2,33,0,33,1,6.86
S4_throughput_map1,map1,original,5,0.0,0,1000,17,116,20,269,0,269,18,34.07
S4_throughput_map1,map1,original,5,1.0,5,1000,17,124,24,235,0,235,15,30.27
S4_throughput_map1,map1,original,5,0.6,3,300,18,40,2,60,0,60,1,7.49
S4_throughput_map1,map1,original,5,1.0,5,2000,16,252,45,328,0,328,32,65.19
S4_throughput_map1,map1,original,5,1.0,5,300,18,44,3,60,0,60,2,8.1
S4_throughput_map1,map1,original,5,0.6,3,1500,17,186,29,223,0,223,13,48.1
S4_throughput_map1,map1,original,5,0.6,3,600,18,83,4,94,0,94,4,23.03
S4_throughput_map1,map1,original,5,0.0,0,600,18,80,7,99,0,99,3,25.09
S4_throughput_map1,map1,original,5,0.0,0,1500,17,184,31,367,0,367,21,60.78
S4_throughput_map1,map1,original,5,1.0,5,1500,17,181,38,378,0,378,29,63.03
S4_throughput_map1,map1,original,5,1.0,5,600,18,83,12,112,0,112,6,37.89
S4_throughput_map1,map1,original,5,1.0,5,1000,18,126,19,156,0,156,14,45.02
S4_throughput_map1,map1,original,5,0.0,0,1000,18,125,11,213,0,213,6,54.53
S4_throughput_map1,map1,original,5,0.6,3,2000,17,249,36,269,0,269,20,78.41
S4_throughput_map1,map1,original,5,0.6,3,1000,18,133,14,188,0,188,7,62.71
S4_throughput_map1,map1,original,5,0.0,0,300,19,34,5,61,0,61,2,12.13
S4_throughput_map1,map1,original,5,0.0,0,2000,17,247,42,463,0,463,25,92.45
S4_throughput_map1,map1,original,5,0.6,3,300,19,37,7,89,0,89,3,18.69
S4_throughput_map1,map1,original,5,1.0,5,300,19,36,6,63,0,63,5,15.52
S4_throughput_map1,map1,original,5,1.0,5,2000,17,240,46,423,0,423,40,106.52
S4_throughput_map1,map1,original,5,0.0,0,1500,18,189,18,293,0,293,12,80.09
S4_throughput_map1,map1,original,5,0.6,3,1500,18,185,22,299,0,299,15,73.93
S4_throughput_map1,map1,original,5,0.0,0,600,19,70,9,109,0,109,8,26.85
S4_throughput_map1,map1,original,5,0.6,3,600,19,78,11,113,0,113,6,33.45
S4_throughput_map1,map1,original,5,1.0,5,1500,18,187,39,282,0,282,18,76.28
S4_throughput_map1,map1,original,5,1.0,5,600,19,71,13,136,0,136,11,36.81
S4_throughput_map1,map1,original,5,0.0,0,1000,19,119,13,149,0,149,11,50.38
S4_throughput_map1,map1,original,5,0.6,3,1000,19,123,19,179,0,179,15,50.61
S4_throughput_map1,map1,original,5,0.6,3,2000,18,234,35,404,0,404,23,110.48
S4_throughput_map1,map1,original,5,0.0,0,300,20,36,6,59,0,59,4,16.53
S4_throughput_map1,map1,original,5,1.0,5,1000,19,118,23,229,0,229,13,62.18
S4_throughput_map1,map1,original,5,0.0,0,2000,18,252,27,374,0,374,20,113.82
S4_throughput_map1,map1,original,5,0.6,3,300,20,36,7,68,0,68,1,17.35
S4_throughput_map1,map1,original,5,0.0,0,1500,19,183,19,218,0,218,13,74.15
S4_throughput_map1,map1,original,5,1.0,5,2000,18,247,47,373,0,373,27,119.9
S4_throughput_map1,map1,original,5,0.6,3,1500,19,199,26,252,0,252,25,71.02
S4_throughput_map1,map1,original,5,0.0,0,600,20,71,15,178,0,178,4,37.21
S4_throughput_map1,map1,original,5,0.6,3,600,20,74,13,108,0,108,7,32.36
S4_throughput_map1,map1,original,5,1.0,5,1500,19,176,30,301,0,301,22,85.54
S4_throughput_map1,map1,original,5,0.0,0,2000,19,248,33,365,0,365,19,92.51
S4_throughput_map1,map1,original,5,1.0,5,300,20,31,2,52,0,52,11,46.56
S4_throughput_map1,map1,original,5,1.0,5,600,20,66,12,120,0,120,19,46.69
S4_throughput_map1,map1,original,5,0.6,3,2000,19,258,32,336,0,336,28,104.4
S4_throughput_map1,map1,original,5,0.6,3,1000,20,125,21,191,0,191,12,54.15
S4_throughput_map1,map1,original,5,0.6,3,300,21,37,4,47,0,47,4,9.44
S4_throughput_map1,map1,original,5,0.0,0,1000,20,119,18,224,0,224,7,56.44
S4_throughput_map1,map1,original,5,0.0,0,300,21,39,2,41,0,41,3,14.38
S4_throughput_map1,map1,original,5,1.0,5,300,21,37,4,46,0,46,4,16.05
S4_throughput_map1,map1,original,5,1.0,5,2000,19,239,45,411,0,411,34,120.07
S4_throughput_map1,map1,original,5,1.0,5,1000,20,116,21,220,0,220,29,88.43
S4_throughput_map1,map1,original,5,0.0,0,1500,20,179,24,283,0,283,14,81.73
S4_throughput_map1,map1,original,5,0.0,0,600,21,77,10,107,0,107,5,26.65
S4_throughput_map1,map1,original,5,1.0,5,600,21,74,10,75,0,75,15,31.41
S4_throughput_map1,map1,original,5,0.6,3,600,21,76,9,92,0,92,9,32.06
S4_throughput_map1,map1,original,5,0.6,3,1500,20,189,27,239,0,239,23,90.91
S4_throughput_map1,map1,original,5,0.0,0,1000,21,127,14,192,0,192,9,53.88
S4_throughput_map1,map1,original,5,0.6,3,1000,21,126,20,153,0,153,13,55.27
S4_throughput_map1,map1,original,5,1.0,5,1000,21,116,22,261,0,261,20,56.96
S4_throughput_map1,map1,original,5,0.0,0,300,22,37,2,20,0,20,2,13.13
S4_throughput_map1,map1,original,5,1.0,5,1500,20,178,29,283,0,283,41,116.33
S4_throughput_map1,map1,original,5,0.0,0,2000,20,238,28,405,0,405,18,102.74
S4_throughput_map1,map1,original,5,0.6,3,2000,20,255,41,316,0,316,29,116.81
S4_throughput_map1,map1,original,5,1.0,5,300,22,35,1,31,0,31,6,15.17
S4_throughput_map1,map1,original,5,0.6,3,300,22,36,1,43,0,43,5,16.32
S4_throughput_map1,map1,original,5,1.0,5,600,22,73,6,87,0,87,10,23.6
S4_throughput_map1,map1,original,5,0.0,0,1500,21,185,20,284,0,284,13,77.77
S4_throughput_map1,map1,original,5,0.6,3,600,22,77,1,79,0,79,11,27.18
S4_throughput_map1,map1,original,5,0.6,3,1500,21,186,27,247,0,247,19,73.66
S4_throughput_map1,map1,original,5,0.0,0,600,22,77,6,46,0,46,6,29.52
S4_throughput_map1,map1,original,5,1.0,5,1500,21,183,29,334,0,334,37,83.77
S4_throughput_map1,map1,original,5,0.0,0,1000,22,127,14,110,0,110,11,47.35
S4_throughput_map1,map1,original,5,0.0,0,2000,21,249,25,337,0,337,17,101.05
S4_throughput_map1,map1,original,5,0.6,3,2000,21,255,34,290,0,290,20,99.87
S4_throughput_map1,map1,original,5,1.0,5,2000,21,243,40,455,0,455,45,97.24
S4_throughput_map1,map1,original,5,1.0,5,1000,22,123,11,178,0,178,18,47.48
S4_throughput_map1,map1,original,5,0.0,0,300,23,39,2,44,0,44,1,15.38
S4_throughput_map1,map1,original,5,1.0,5,2000,20,238,42,373,0,373,50,185.38
S4_throughput_map1,map1,original,5,0.6,3,300,23,42,6,50,0,50,4,9.12
S4_throughput_map1,map1,original,5,0.6,3,1000,22,129,9,106,0,106,13,66.18
S4_throughput_map1,map1,original,5,1.0,5,300,23,34,8,81,0,81,5,17.07
S4_throughput_map1,map1,original,5,0.0,0,1500,22,188,22,220,0,220,14,73.45
S4_throughput_map1,map1,original,5,0.0,0,600,23,80,7,110,0,110,4,31.76
S4_throughput_map1,map1,original,5,0.6,3,600,23,81,13,91,0,91,7,36.78
S4_throughput_map1,map1,original,5,1.0,5,600,23,75,13,108,0,108,8,34.38
S4_throughput_map1,map1,original,5,0.6,3,1500,22,190,23,218,0,218,20,98.47
S4_throughput_map1,map1,original,5,1.0,5,1500,22,185,27,274,0,274,26,98.88
S4_throughput_map1,map1,original,5,0.0,0,1000,23,132,16,200,0,200,9,57.15
S4_throughput_map1,map1,original,5,1.0,5,1000,23,126,20,210,0,210,17,57.51
S4_throughput_map1,map1,original,5,0.0,0,2000,22,250,31,310,0,310,23,106.4
S4_throughput_map1,map1,original,5,1.0,5,300,24,36,3,35,0,35,4,8.01
S4_throughput_map1,map1,original,5,1.0,5,2000,22,240,40,361,0,361,36,119.83
S4_throughput_map1,map1,original,5,0.0,0,300,24,35,5,80,0,80,3,16.7
S4_throughput_map1,map1,original,5,0.6,3,2000,22,247,38,312,0,312,31,124.3
S4_throughput_map1,map1,original,5,0.0,0,1500,23,199,22,285,0,285,15,74.48
S4_throughput_map1,map1,original,5,0.6,3,1000,23,125,21,156,0,156,14,85.92
S4_throughput_map1,map1,original,5,0.6,3,300,24,36,4,85,0,85,6,34.16
S4_throughput_map1,map1,original,5,0.0,0,600,24,73,10,138,0,138,5,35.15
S4_throughput_map1,map1,original,5,1.0,5,600,24,72,10,102,0,102,8,30.72
S4_throughput_map1,map1,original,5,1.0,5,1500,23,192,29,280,0,280,28,100.54
S4_throughput_map1,map1,original,5,0.6,3,600,24,73,7,118,0,118,12,49.37
S4_throughput_map1,map1,original,5,0.6,3,1500,23,187,32,220,0,220,22,112.92
S4_throughput_map1,map1,original,5,0.0,0,2000,23,266,27,364,0,364,20,104.47
S4_throughput_map1,map1,original,5,0.0,0,1000,24,130,14,185,0,185,11,50.63
S4_throughput_map1,map1,original,5,0.6,3,1000,24,123,14,184,0,184,16,55.48
S4_throughput_map1,map1,original,5,0.0,0,300,25,34,2,60,0,60,5,14.3
S4_throughput_map1,map1,original,5,1.0,5,1000,24,117,21,199,0,199,16,64.94
S4_throughput_map1,map1,original,5,0.6,3,300,25,36,6,59,0,59,7,17.64
S4_throughput_map1,map1,original,5,1.0,5,300,25,36,4,54,0,54,6,19.4
S4_throughput_map1,map1,original,5,1.0,5,2000,23,255,39,331,0,331,49,125.38
S4_throughput_map1,map1,original,5,0.0,0,1500,24,185,17,269,0,269,14,77.74
S4_throughput_map1,map1,original,5,0.0,0,600,25,75,16,158,0,158,8,30.76
S4_throughput_map1,map1,original,5,0.6,3,600,25,71,6,78,0,78,7,23.64
S4_throughput_map1,map1,original,5,0.6,3,2000,23,252,39,302,0,302,25,145.77
S4_throughput_map1,map1,original,5,0.6,3,1500,24,192,24,260,0,260,19,95.45
S4_throughput_map1,map1,original,5,1.0,5,1500,24,180,37,325,0,325,29,83.3
S4_throughput_map1,map1,original,5,1.0,5,600,25,72,7,96,0,96,7,29.74
S4_throughput_map1,map1,original,5,0.0,0,2000,24,246,27,390,0,390,16,91.3
S4_throughput_map1,map1,original,5,0.0,0,300,26,36,6,57,0,57,3,12.65
S4_throughput_map1,map1,original,5,0.6,3,300,26,31,4,86,0,86,2,13.55
S4_throughput_map1,map1,original,5,0.0,0,1000,25,126,23,227,0,227,10,51.68
S4_throughput_map1,map1,original,5,0.6,3,1000,25,122,22,154,0,154,16,52.34
S4_throughput_map1,map1,original,5,1.0,5,1000,25,122,17,144,0,144,11,47.66
S4_throughput_map1,map1,original,5,1.0,5,300,26,35,3,53,0,53,4,10.74
S4_throughput_map1,map1,original,5,0.6,3,2000,24,255,30,313,0,313,23,109.54
S4_throughput_map1,map1,original,5,0.6,3,1500,25,180,33,245,0,245,24,59.2
S4_throughput_map1,map1,original,5,1.0,5,2000,24,243,51,360,0,360,37,114.31
S4_throughput_map1,map1,original,5,0.0,0,1500,25,194,33,353,0,353,15,65.34
S4_throughput_map1,map1,original,5,0.0,0,600,26,76,7,95,0,95,5,21.83
S4_throughput_map1,map1,original,5,1.0,5,1500,25,183,22,219,0,219,25,61.19
S4_throughput_map1,map1,original,5,0.6,3,600,26,67,8,147,0,147,4,23.77
S4_throughput_map1,map1,original,5,1.0,5,600,26,68,10,139,0,139,10,21.29
S4_throughput_map1,map1,original,5,0.6,3,2000,25,241,37,293,0,293,37,73.55
S4_throughput_map1,map1,original,5,0.0,0,2000,25,246,47,513,0,513,21,79.37
S4_throughput_map1,map1,original,5,0.0,0,1000,26,129,15,153,0,153,6,34.74
S4_throughput_map1,map1,original,5,0.6,3,300,27,40,4,21,0,21,4,7.56
S4_throughput_map1,map1,original,5,0.6,3,1000,26,116,14,202,0,202,11,30.75
S4_throughput_map1,map1,original,5,1.0,5,2000,25,237,31,272,0,272,33,73.61
S4_throughput_map1,map1,original,5,0.0,0,300,27,41,5,55,0,55,5,11.19
S4_throughput_map1,map1,original,5,1.0,5,1000,26,117,15,198,0,198,19,33.6
S4_throughput_map1,map1,original,5,1.0,5,300,27,35,7,41,0,41,4,7.79
S4_throughput_map1,map1,original,5,0.0,0,600,27,80,9,97,0,97,5,18.02
S4_throughput_map1,map1,original,5,1.0,5,600,27,74,10,74,0,74,5,17.82
S4_throughput_map1,map1,original,5,0.6,3,1500,26,176,23,334,0,334,22,46.95
S4_throughput_map1,map1,original,5,0.0,0,1500,26,190,25,252,0,252,8,57.49
S4_throughput_map1,map1,original,5,0.6,3,600,27,77,9,64,0,64,8,26.34
S4_throughput_map1,map1,original,5,0.0,0,1000,27,132,14,193,0,193,9,26.79
S4_throughput_map1,map1,original,5,1.0,5,1500,26,190,25,258,0,258,28,54.18
S4_throughput_map1,map1,original,5,0.6,3,2000,26,242,31,393,0,393,30,59.04
S4_throughput_map1,map1,original,5,0.6,3,1000,27,123,11,110,0,110,19,36.91
S4_throughput_map1,map1,original,5,0.6,3,300,28,35,5,68,0,68,1,8.84
S4_throughput_map1,map1,original,5,0.0,0,300,28,34,6,71,0,71,1,11.67
S4_throughput_map1,map1,original,5,1.0,5,1000,27,123,21,121,0,121,14,41.37
S4_throughput_map1,map1,original,5,1.0,5,2000,26,250,39,369,0,369,38,66.85
S4_throughput_map1,map1,original,5,1.0,5,300,28,38,6,74,0,74,3,11.14
S4_throughput_map1,map1,original,5,0.0,0,1500,27,194,17,252,0,252,13,43.54
S4_throughput_map1,map1,original,5,0.0,0,2000,26,257,37,344,0,344,12,77.45
S4_throughput_map1,map1,original,5,0.6,3,1500,27,189,20,162,0,162,27,47.33
S4_throughput_map1,map1,original,5,0.6,3,600,28,76,10,128,0,128,6,18.09
S4_throughput_map1,map1,original,5,1.0,5,600,28,77,13,133,0,133,8,17.83
S4_throughput_map1,map1,original,5,1.0,5,1500,27,193,26,173,0,173,21,47.43
S4_throughput_map1,map1,original,5,0.0,0,600,28,81,16,149,0,149,3,22.72
S4_throughput_map1,map1,original,5,0.0,0,2000,27,264,27,369,0,369,17,55.57
S4_throughput_map1,map1,original,5,0.0,0,1000,28,128,27,241,0,241,5,34.78
S4_throughput_map1,map1,original,5,0.6,3,1000,28,124,14,155,0,155,11,33.39
S4_throughput_map1,map1,original,5,0.6,3,300,29,38,5,82,0,82,1,9.75
S4_throughput_map1,map1,original,5,1.0,5,1000,28,122,20,209,0,209,18,36.93
S4_throughput_map1,map1,original,5,1.0,5,300,29,35,4,53,0,53,2,7.24
S4_throughput_map1,map1,original,5,0.0,0,300,29,37,5,72,0,72,3,19.24
S4_throughput_map1,map1,original,5,1.0,5,2000,27,252,38,254,0,254,31,69.79
S4_throughput_map1,map1,original,5,0.6,3,2000,27,259,25,261,0,261,40,76.15
S4_throughput_map1,map1,original,5,0.0,0,1500,28,190,34,335,0,335,7,45.1
S4_throughput_map1,map1,original,5,0.6,3,1500,28,186,25,239,0,239,24,53.05
S4_throughput_map1,map1,original,5,1.0,5,1500,28,183,33,327,0,327,31,55.55
S4_throughput_map1,map1,original,5,0.6,3,600,29,79,11,125,0,125,4,17.99
S4_throughput_map1,map1,original,5,1.0,5,600,29,69,8,106,0,106,5,15.08
S4_throughput_map1,map1,original,5,0.0,0,600,29,74,9,102,0,102,6,24.39
S4_throughput_map1,map1,original,5,0.0,0,2000,28,248,42,448,0,448,13,66.08
S4_throughput_map1,map1,original,5,0.6,3,1000,29,130,19,161,0,161,9,27.55
S4_throughput_map1,map1,original,5,1.0,5,1000,29,112,17,151,0,151,13,25.98
S4_throughput_map1,map1,original,5,0.0,0,1000,29,129,16,155,0,155,9,33.96
S4_throughput_map1,map1,original,5,0.6,3,2000,28,254,33,344,0,344,27,63.29
S4_throughput_map1,map1,original,5,1.0,5,2000,28,242,45,403,0,403,44,60.68
S4_throughput_map1,map1,original,5,0.6,3,1500,29,191,26,253,0,253,21,36.25
S4_throughput_map1,map1,original,5,1.0,5,1500,29,163,25,257,0,257,28,35.76
S4_throughput_map1,map1,original,5,0.0,0,1500,29,191,24,249,0,249,15,40.73
S4_throughput_map1,map1,original,5,1.0,5,2000,29,219,39,304,0,304,35,35.6
S4_throughput_map1,map1,original,5,0.6,3,2000,29,249,34,317,0,317,34,37.13
S4_throughput_map1,map1,original,5,0.0,0,2000,29,258,35,323,0,323,21,45.94
